StudentID,GuardianOccupation,PreviousInstitution,AdmissionScore,FamilyIncomeCategory,ResidentialStatus,ExtracurricularParticipation
STU0001,Farmer,International School,72.1,Middle,With Family,Yes
STU0002,Service,Govt College,78.7,Low,On Campus,Yes
STU0003,Doctor,Govt College,65.8,Lower-Middle,With Family,No
STU0004,Engineer,Govt College,69.0,Lower-Middle,With Family,No
STU0005,Business,Govt College,75.7,Middle,Off Campus,Yes
STU0006,Engineer,International School,69.2,Upper-Middle,Off Campus,No
STU0007,Teacher,Model School,73.4,Low,Off Campus,No
STU0008,Engineer,City College,67.9,Middle,Off Campus,No
STU0009,Service,Model School,61.8,Lower-Middle,Off Campus,No
STU0010,Teacher,International School,74.3,Upper-Middle,Off Campus,No
STU0011,Service,City College,71.5,Lower-Middle,With Family,Yes
STU0012,Teacher,International School,94.4,Lower-Middle,With Family,Yes
STU0013,Doctor,Model School,64.0,Upper-Middle,Off Campus,Yes
STU0014,Farmer,International School,74.7,Middle,On Campus,No
STU0015,Teacher,Govt College,74.6,Low,With Family,Yes
STU0016,Teacher,Model School,72.1,High,On Campus,Yes
STU0017,Farmer,International School,85.1,Low,Off Campus,No
STU0018,Doctor,City College,71.3,Lower-Middle,With Family,No
STU0019,Service,Model School,66.8,Middle,With Family,No
STU0020,Business,International School,55.3,Middle,Off Campus,Yes
STU0021,Teacher,Model School,76.4,Lower-Middle,With Family,No
STU0022,Farmer,Govt College,74.2,Middle,On Campus,Yes
STU0023,Farmer,International School,67.6,Low,On Campus,No
STU0024,Teacher,Govt College,74.1,High,On Campus,Yes
STU0025,Teacher,City College,68.5,Low,With Family,Yes
STU0026,Farmer,International School,65.5,Lower-Middle,Off Campus,No
STU0027,Doctor,Govt College,86.2,Low,On Campus,No
STU0028,Service,Govt College,79.5,Middle,Off Campus,Yes
STU0029,Teacher,Govt College,84.5,High,With Family,Yes
STU0030,Engineer,Model School,68.6,Low,With Family,Yes
STU0031,Service,International School,83.7,Middle,With Family,No
STU0032,Farmer,International School,56.7,Low,With Family,Yes
STU0033,Business,International School,79.9,Low,Off Campus,Yes
STU0034,Teacher,Govt College,75.6,Lower-Middle,With Family,No
STU0035,Doctor,Model School,72.6,Lower-Middle,On Campus,Yes
STU0036,Doctor,Model School,62.1,Low,With Family,No
STU0037,Teacher,Model School,78.3,Upper-Middle,Off Campus,Yes
STU0038,Service,Model School,69.8,High,On Campus,No
STU0039,Engineer,Govt College,74.6,Middle,With Family,Yes
STU0040,Engineer,Govt College,65.1,Lower-Middle,With Family,No
STU0041,Business,City College,81.0,Middle,With Family,Yes
STU0042,Farmer,Govt College,70.9,Middle,On Campus,No
STU0043,Farmer,Model School,76.6,High,Off Campus,Yes
STU0044,Farmer,Govt College,72.6,Upper-Middle,On Campus,Yes
STU0045,Service,Govt College,87.2,Upper-Middle,Off Campus,Yes
STU0046,Farmer,Model School,82.5,Low,Off Campus,Yes
STU0047,Business,Model School,89.4,Middle,With Family,Yes
STU0048,Business,Model School,72.3,High,On Campus,Yes
STU0049,Engineer,Govt College,69.5,Low,Off Campus,No
STU0050,Doctor,International School,72.9,High,Off Campus,Yes
STU0051,Service,Govt College,82.6,Middle,Off Campus,No
STU0052,Doctor,Model School,98.8,Upper-Middle,Off Campus,Yes
STU0053,Service,Model School,82.2,Upper-Middle,On Campus,Yes
STU0054,Service,City College,71.1,Lower-Middle,On Campus,No
STU0055,Farmer,Govt College,79.2,Upper-Middle,Off Campus,No
STU0056,Farmer,Model School,90.9,Middle,On Campus,No
STU0057,Farmer,Model School,67.0,High,With Family,Yes
STU0058,Doctor,Govt College,67.5,Upper-Middle,With Family,No
STU0059,Engineer,Model School,67.5,Upper-Middle,Off Campus,Yes
STU0060,Farmer,Govt College,72.0,High,Off Campus,Yes
STU0061,Farmer,Govt College,64.6,Lower-Middle,Off Campus,No
STU0062,Engineer,Model School,69.5,Middle,On Campus,No
STU0063,Service,International School,91.4,Low,On Campus,No
STU0064,Teacher,City College,74.7,High,On Campus,No
STU0065,Service,Govt College,62.5,Low,Off Campus,No
STU0066,Farmer,City College,80.8,Middle,With Family,No
STU0067,Farmer,Model School,65.1,Middle,With Family,Yes
STU0068,Service,City College,82.2,Upper-Middle,On Campus,No
STU0069,Teacher,Govt College,74.6,Middle,On Campus,No
STU0070,Business,Govt College,58.5,Lower-Middle,With Family,Yes
STU0071,Business,International School,73.3,Low,With Family,No
STU0072,Farmer,Model School,75.7,Upper-Middle,With Family,No
STU0073,Doctor,Model School,64.1,High,With Family,Yes
STU0074,Service,International School,87.9,Upper-Middle,Off Campus,No
STU0075,Farmer,Model School,75.2,Lower-Middle,On Campus,No
STU0076,Farmer,City College,67.0,Low,With Family,Yes
STU0077,Engineer,City College,71.0,Low,With Family,No
STU0078,Farmer,City College,80.6,Upper-Middle,Off Campus,Yes
STU0079,Doctor,Govt College,91.5,High,With Family,Yes
STU0080,Farmer,Govt College,77.2,Upper-Middle,Off Campus,No
STU0081,Teacher,City College,70.3,Low,With Family,Yes
STU0082,Farmer,Govt College,73.6,High,On Campus,No
STU0083,Teacher,Model School,64.4,Upper-Middle,Off Campus,Yes
STU0084,Teacher,Model School,69.2,Low,On Campus,No
STU0085,Engineer,Model School,73.6,Upper-Middle,Off Campus,Yes
STU0086,Farmer,Model School,78.6,Low,With Family,No
STU0087,Doctor,International School,68.7,Middle,On Campus,No
STU0088,Business,City College,86.1,Lower-Middle,With Family,Yes
STU0089,Farmer,City College,84.0,Middle,Off Campus,Yes
STU0090,Farmer,Model School,83.6,Low,On Campus,No
STU0091,Doctor,City College,64.5,Lower-Middle,With Family,Yes
STU0092,Service,Govt College,60.7,Upper-Middle,With Family,Yes
STU0093,Doctor,International School,69.1,Lower-Middle,On Campus,No
STU0094,Doctor,Govt College,78.2,Upper-Middle,With Family,Yes
STU0095,Business,City College,78.0,High,Off Campus,No
STU0096,Farmer,City College,55.0,High,Off Campus,No
STU0097,Teacher,City College,73.2,Low,Off Campus,Yes
STU0098,Teacher,Govt College,83.0,Middle,With Family,Yes
STU0099,Engineer,City College,96.8,Lower-Middle,On Campus,No
STU0100,Farmer,City College,72.5,Lower-Middle,On Campus,Yes
STU0101,Service,City College,61.3,Middle,With Family,No
STU0102,Doctor,City College,73.7,Low,With Family,No
STU0103,Farmer,City College,83.8,Middle,Off Campus,No
STU0104,Business,International School,77.5,Low,On Campus,Yes
STU0105,Business,Model School,82.9,Lower-Middle,With Family,No
STU0106,Farmer,City College,64.3,Low,On Campus,Yes
STU0107,Doctor,Govt College,82.6,Lower-Middle,On Campus,No
STU0108,Doctor,Model School,73.8,Middle,Off Campus,Yes
STU0109,Business,Model School,66.3,High,Off Campus,Yes
STU0110,Farmer,City College,87.1,Middle,Off Campus,No
STU0111,Teacher,Model School,72.1,Lower-Middle,On Campus,No
STU0112,Service,Model School,62.9,Upper-Middle,Off Campus,No
STU0113,Engineer,Govt College,79.9,Middle,On Campus,No
STU0114,Teacher,Govt College,73.7,Lower-Middle,With Family,No
STU0115,Teacher,Govt College,76.8,Lower-Middle,Off Campus,No
STU0116,Doctor,Govt College,69.0,High,With Family,No
STU0117,Engineer,City College,85.4,High,With Family,No
STU0118,Doctor,International School,75.3,Middle,On Campus,No
STU0119,Farmer,International School,65.5,Middle,With Family,Yes
STU0120,Engineer,International School,69.8,Upper-Middle,On Campus,Yes
STU0121,Service,Model School,55.5,Upper-Middle,Off Campus,No
STU0122,Engineer,Model School,66.9,Middle,With Family,Yes
STU0123,Farmer,International School,56.1,Middle,With Family,No
STU0124,Farmer,International School,100.4,Low,On Campus,Yes
STU0125,Service,Govt College,73.3,Low,Off Campus,No
STU0126,Business,City College,67.9,Upper-Middle,Off Campus,No
STU0127,Doctor,Model School,79.9,Low,Off Campus,Yes
STU0128,Teacher,Model School,81.2,Upper-Middle,Off Campus,No
STU0129,Business,Govt College,94.7,Middle,Off Campus,Yes
STU0130,Engineer,City College,78.3,Upper-Middle,Off Campus,No
STU0131,Business,International School,55.6,Middle,With Family,Yes
STU0132,Engineer,Model School,70.8,Upper-Middle,On Campus,No
STU0133,Farmer,City College,85.0,High,Off Campus,Yes
STU0134,Teacher,International School,90.1,High,With Family,No
STU0135,Doctor,International School,76.2,Low,With Family,No
STU0136,Engineer,Govt College,67.8,Low,On Campus,Yes
STU0137,Farmer,International School,82.6,Middle,On Campus,No
STU0138,Engineer,City College,72.0,Upper-Middle,On Campus,Yes
STU0139,Engineer,Model School,75.4,Low,On Campus,No
STU0140,Engineer,City College,63.3,High,Off Campus,Yes
STU0141,Engineer,International School,78.0,Middle,With Family,Yes
STU0142,Engineer,Govt College,68.5,Upper-Middle,With Family,Yes
STU0143,Doctor,Model School,68.2,Low,On Campus,No
STU0144,Engineer,Govt College,63.1,High,Off Campus,Yes
STU0145,Teacher,International School,56.9,Upper-Middle,Off Campus,Yes
STU0146,Teacher,International School,71.7,Middle,Off Campus,Yes
STU0147,Doctor,Govt College,92.5,Low,With Family,Yes
STU0148,Engineer,Govt College,62.4,High,Off Campus,Yes
STU0149,Engineer,Govt College,77.2,Lower-Middle,Off Campus,No
STU0150,Business,City College,77.8,High,With Family,Yes
STU0151,Engineer,Model School,99.1,Upper-Middle,With Family,No
STU0152,Service,Govt College,75.9,High,On Campus,Yes
STU0153,Doctor,International School,74.4,Middle,With Family,Yes
STU0154,Doctor,City College,69.9,Upper-Middle,Off Campus,Yes
STU0155,Doctor,Govt College,78.8,Low,On Campus,Yes
STU0156,Business,Govt College,49.0,Lower-Middle,On Campus,Yes
STU0157,Doctor,International School,78.8,Upper-Middle,On Campus,No
STU0158,Doctor,International School,72.4,Middle,On Campus,Yes
STU0159,Teacher,Govt College,69.0,Upper-Middle,Off Campus,No
STU0160,Engineer,Model School,77.7,Upper-Middle,Off Campus,Yes
STU0161,Doctor,Model School,60.3,Upper-Middle,With Family,No
STU0162,Business,International School,70.8,Middle,With Family,No
STU0163,Service,Govt College,64.5,Middle,On Campus,No
STU0164,Farmer,City College,74.0,Low,With Family,Yes
STU0165,Service,International School,62.5,Middle,With Family,No
STU0166,Business,International School,65.8,Lower-Middle,With Family,No
STU0167,Farmer,Govt College,65.2,Middle,With Family,No
STU0168,Service,City College,73.0,Upper-Middle,With Family,Yes
STU0169,Business,Model School,60.4,High,On Campus,Yes
STU0170,Doctor,Model School,72.5,High,Off Campus,No
STU0171,Business,International School,68.5,High,On Campus,Yes
STU0172,Engineer,City College,62.6,Low,With Family,No
STU0173,Teacher,Model School,67.9,High,Off Campus,Yes
STU0174,Business,Model School,81.2,Upper-Middle,On Campus,No
STU0175,Teacher,Model School,76.7,Low,Off Campus,No
STU0176,Doctor,Model School,60.1,Low,With Family,No
STU0177,Business,International School,80.0,Lower-Middle,On Campus,Yes
STU0178,Farmer,Model School,75.5,High,Off Campus,Yes
STU0179,Business,Govt College,74.4,Low,On Campus,Yes
STU0180,Business,City College,88.2,Low,Off Campus,No
STU0181,Business,City College,89.2,Lower-Middle,On Campus,Yes
STU0182,Teacher,International School,69.6,Lower-Middle,With Family,Yes
STU0183,Teacher,City College,83.8,Middle,With Family,Yes
STU0184,Teacher,City College,86.8,Upper-Middle,With Family,No
STU0185,Service,International School,94.1,Middle,Off Campus,Yes
STU0186,Business,International School,69.0,Low,Off Campus,No
STU0187,Business,International School,54.8,High,On Campus,No
STU0188,Doctor,City College,81.8,Middle,On Campus,Yes
STU0189,Farmer,City College,87.4,Lower-Middle,On Campus,Yes
STU0190,Doctor,City College,61.1,High,Off Campus,No
STU0191,Service,Model School,63.4,High,Off Campus,No
STU0192,Business,Model School,65.7,High,Off Campus,Yes
STU0193,Business,International School,58.9,High,On Campus,Yes
STU0194,Farmer,International School,69.4,High,Off Campus,Yes
STU0195,Farmer,International School,79.1,Low,On Campus,No
STU0196,Farmer,International School,69.9,High,Off Campus,Yes
STU0197,Service,Model School,72.2,Upper-Middle,Off Campus,Yes
STU0198,Farmer,Model School,56.0,Lower-Middle,With Family,Yes
STU0199,Farmer,Model School,75.6,Low,With Family,No
STU0200,Engineer,Govt College,66.4,Middle,Off Campus,Yes
STU0201,Teacher,Govt College,77.7,Middle,On Campus,No
STU0202,Business,Govt College,81.8,Low,Off Campus,No
STU0203,Doctor,City College,68.3,Lower-Middle,On Campus,Yes
STU0204,Farmer,City College,85.7,Low,With Family,Yes
STU0205,Farmer,International School,82.2,High,With Family,Yes
STU0206,Doctor,Govt College,92.8,High,On Campus,No
STU0207,Engineer,City College,54.9,High,With Family,Yes
STU0208,Service,Govt College,98.5,Upper-Middle,On Campus,Yes
STU0209,Business,International School,69.0,High,With Family,No
STU0210,Doctor,International School,72.9,Lower-Middle,Off Campus,No
STU0211,Farmer,City College,97.6,Upper-Middle,Off Campus,Yes
STU0212,Engineer,City College,75.2,Low,Off Campus,No
STU0213,Service,Govt College,85.5,Lower-Middle,On Campus,No
STU0214,Service,City College,79.5,Upper-Middle,On Campus,No
STU0215,Farmer,International School,80.9,Upper-Middle,On Campus,Yes
STU0216,Farmer,Govt College,88.9,Middle,Off Campus,No
STU0217,Engineer,International School,62.7,Low,On Campus,No
STU0218,Farmer,City College,69.8,High,Off Campus,No
STU0219,Service,City College,70.2,Lower-Middle,On Campus,No
STU0220,Farmer,Model School,60.1,Low,On Campus,No
STU0221,Service,Model School,60.6,High,With Family,Yes
STU0222,Doctor,Govt College,79.9,Lower-Middle,On Campus,No
STU0223,Teacher,Govt College,74.4,Lower-Middle,Off Campus,Yes
STU0224,Farmer,Model School,83.9,Middle,Off Campus,No
STU0225,Engineer,Govt College,79.1,Upper-Middle,On Campus,No
STU0226,Farmer,Model School,75.9,Low,Off Campus,Yes
STU0227,Farmer,City College,87.1,Middle,With Family,Yes
STU0228,Business,Model School,75.5,Upper-Middle,On Campus,Yes
STU0229,Business,International School,66.9,Low,On Campus,Yes
STU0230,Business,Govt College,63.9,High,Off Campus,Yes
STU0231,Farmer,International School,82.6,High,Off Campus,Yes
STU0232,Teacher,International School,71.1,Lower-Middle,Off Campus,Yes
STU0233,Teacher,International School,74.9,Upper-Middle,On Campus,No
STU0234,Farmer,International School,84.3,Low,With Family,No
STU0235,Teacher,Model School,70.8,Low,On Campus,No
STU0236,Teacher,City College,85.6,Upper-Middle,With Family,Yes
STU0237,Farmer,Govt College,75.3,Upper-Middle,With Family,Yes
STU0238,Engineer,Govt College,72.7,High,On Campus,Yes
STU0239,Engineer,International School,71.0,Lower-Middle,With Family,No
STU0240,Farmer,City College,86.0,Lower-Middle,Off Campus,No
STU0241,Teacher,Govt College,67.2,Lower-Middle,On Campus,Yes
STU0242,Teacher,International School,79.1,Upper-Middle,With Family,Yes
STU0243,Service,International School,87.2,High,On Campus,Yes
STU0244,Farmer,Govt College,84.0,High,With Family,No
STU0245,Teacher,Govt College,56.6,Low,On Campus,Yes
STU0246,Service,Govt College,63.0,Upper-Middle,With Family,No
STU0247,Service,Govt College,99.9,Upper-Middle,Off Campus,Yes
STU0248,Engineer,International School,74.7,Middle,With Family,Yes
STU0249,Engineer,City College,63.9,Upper-Middle,On Campus,No
STU0250,Engineer,City College,75.4,Upper-Middle,With Family,No
STU0251,Farmer,Model School,99.7,Middle,Off Campus,Yes
STU0252,Doctor,International School,72.6,Low,On Campus,Yes
STU0253,Farmer,Model School,59.6,Upper-Middle,With Family,No
STU0254,Service,International School,70.1,Upper-Middle,On Campus,No
STU0255,Business,International School,64.5,Lower-Middle,With Family,No
STU0256,Business,International School,89.1,Middle,With Family,Yes
STU0257,Teacher,Govt College,85.3,Middle,On Campus,Yes
STU0258,Service,Model School,72.4,Low,With Family,No
STU0259,Engineer,Model School,64.9,Low,With Family,Yes
STU0260,Engineer,Model School,85.3,Lower-Middle,On Campus,No
STU0261,Teacher,International School,64.6,Middle,Off Campus,No
STU0262,Teacher,City College,61.4,Lower-Middle,With Family,Yes
STU0263,Service,Model School,88.1,Upper-Middle,With Family,No
STU0264,Doctor,Govt College,69.0,High,On Campus,Yes
STU0265,Business,City College,70.6,Lower-Middle,With Family,No
STU0266,Engineer,Model School,62.3,Low,On Campus,Yes
STU0267,Doctor,International School,72.4,Upper-Middle,Off Campus,No
STU0268,Service,City College,77.4,Low,With Family,Yes
STU0269,Service,International School,80.0,Upper-Middle,Off Campus,Yes
STU0270,Business,International School,73.1,Lower-Middle,With Family,Yes
STU0271,Farmer,City College,51.3,Upper-Middle,Off Campus,No
STU0272,Business,Govt College,74.2,High,Off Campus,Yes
STU0273,Engineer,Model School,65.6,Upper-Middle,On Campus,Yes
STU0274,Farmer,Model School,78.1,Lower-Middle,With Family,Yes
STU0275,Service,Model School,70.2,High,Off Campus,No
STU0276,Teacher,City College,71.9,Lower-Middle,On Campus,No
STU0277,Engineer,City College,79.3,Middle,With Family,Yes
STU0278,Teacher,Model School,77.3,Low,Off Campus,No
STU0279,Business,Model School,85.0,Low,Off Campus,Yes
STU0280,Teacher,International School,85.8,Upper-Middle,On Campus,Yes
STU0281,Business,International School,60.1,High,With Family,No
STU0282,Engineer,Model School,73.1,Upper-Middle,Off Campus,Yes
STU0283,Service,International School,68.5,Middle,On Campus,Yes
STU0284,Doctor,Govt College,69.8,Low,On Campus,No
STU0285,Service,City College,63.2,Middle,With Family,Yes
STU0286,Teacher,City College,81.5,Lower-Middle,Off Campus,Yes
STU0287,Farmer,City College,62.1,Upper-Middle,With Family,Yes
STU0288,Doctor,City College,63.8,Upper-Middle,Off Campus,Yes
STU0289,Doctor,International School,72.8,Low,With Family,Yes
STU0290,Teacher,City College,64.3,Upper-Middle,Off Campus,Yes
STU0291,Farmer,Model School,86.8,Middle,On Campus,Yes
STU0292,Farmer,International School,81.0,Low,With Family,No
STU0293,Farmer,Model School,72.3,Lower-Middle,Off Campus,Yes
STU0294,Engineer,Govt College,82.8,High,On Campus,Yes
STU0295,Farmer,Model School,62.4,Low,With Family,No
STU0296,Farmer,City College,70.2,Middle,Off Campus,Yes
STU0297,Business,Model School,52.4,Lower-Middle,With Family,No
STU0298,Teacher,International School,63.5,Lower-Middle,With Family,Yes
STU0299,Teacher,International School,69.0,Middle,With Family,Yes
STU0300,Business,Govt College,79.8,Upper-Middle,Off Campus,No
STU0301,Service,Govt College,82.6,Middle,Off Campus,No
STU0302,Farmer,Govt College,63.3,Low,Off Campus,Yes
STU0303,Doctor,International School,79.3,High,On Campus,Yes
STU0304,Farmer,Govt College,74.4,Lower-Middle,On Campus,Yes
STU0305,Business,Model School,76.5,Lower-Middle,Off Campus,Yes
STU0306,Doctor,City College,66.3,Middle,Off Campus,Yes
STU0307,Doctor,City College,64.5,Upper-Middle,With Family,Yes
STU0308,Teacher,Model School,53.4,Lower-Middle,On Campus,Yes
STU0309,Teacher,City College,78.6,High,With Family,No
STU0310,Business,Govt College,74.6,Upper-Middle,With Family,Yes
STU0311,Service,City College,69.3,Upper-Middle,Off Campus,Yes
STU0312,Engineer,Govt College,61.6,Lower-Middle,Off Campus,Yes
STU0313,Engineer,International School,64.5,High,Off Campus,No
STU0314,Engineer,City College,68.4,Low,On Campus,Yes
STU0315,Service,International School,72.6,High,On Campus,Yes
STU0316,Engineer,Govt College,75.5,Lower-Middle,On Campus,Yes
STU0317,Service,Govt College,73.0,High,On Campus,Yes
STU0318,Farmer,Govt College,73.3,High,With Family,No
STU0319,Engineer,Model School,76.2,Low,On Campus,No
STU0320,Business,Model School,88.5,Upper-Middle,On Campus,No
STU0321,Farmer,Govt College,69.9,Lower-Middle,Off Campus,Yes
STU0322,Engineer,Model School,90.4,Low,Off Campus,No
STU0323,Business,International School,67.6,Low,Off Campus,No
STU0324,Service,Model School,79.6,Upper-Middle,With Family,No
STU0325,Doctor,Govt College,73.5,High,On Campus,No
STU0326,Business,City College,72.1,Low,Off Campus,No
STU0327,Farmer,Model School,78.0,High,With Family,Yes
STU0328,Service,Model School,58.9,Middle,Off Campus,No
STU0329,Doctor,City College,65.4,Upper-Middle,Off Campus,Yes
STU0330,Service,International School,82.7,High,Off Campus,Yes
STU0331,Farmer,City College,81.0,Low,On Campus,No
STU0332,Engineer,City College,79.2,High,On Campus,No
STU0333,Farmer,Model School,66.4,Upper-Middle,On Campus,Yes
STU0334,Farmer,City College,78.1,Middle,Off Campus,Yes
STU0335,Teacher,International School,76.2,High,With Family,Yes
STU0336,Farmer,Model School,59.2,Lower-Middle,On Campus,No
STU0337,Doctor,City College,65.8,Middle,Off Campus,Yes
STU0338,Service,City College,72.1,Middle,Off Campus,No
STU0339,Teacher,International School,86.3,Lower-Middle,With Family,No
STU0340,Engineer,City College,76.2,Upper-Middle,On Campus,Yes
STU0341,Service,International School,67.8,Middle,With Family,Yes
STU0342,Service,International School,63.1,Lower-Middle,With Family,No
STU0343,Teacher,International School,74.2,High,On Campus,Yes
STU0344,Business,Govt College,84.3,Lower-Middle,Off Campus,No
STU0345,Teacher,International School,66.3,High,Off Campus,No
STU0346,Teacher,International School,76.1,High,On Campus,No
STU0347,Service,Govt College,64.2,High,With Family,Yes
STU0348,Doctor,Model School,86.9,Upper-Middle,With Family,No
STU0349,Business,City College,73.3,Upper-Middle,With Family,Yes
STU0350,Business,City College,63.8,Low,On Campus,No
STU0351,Engineer,City College,79.3,High,With Family,No
STU0352,Engineer,International School,74.7,High,Off Campus,No
STU0353,Business,Model School,65.0,Upper-Middle,With Family,Yes
STU0354,Engineer,Govt College,55.7,Middle,With Family,No
STU0355,Engineer,International School,80.5,Upper-Middle,With Family,Yes
STU0356,Farmer,Model School,73.1,Lower-Middle,With Family,No
STU0357,Teacher,International School,78.6,High,With Family,No
STU0358,Business,City College,70.9,Middle,On Campus,No
STU0359,Service,International School,78.6,High,With Family,Yes
STU0360,Teacher,City College,63.8,Lower-Middle,On Campus,Yes
STU0361,Engineer,City College,67.4,Lower-Middle,Off Campus,Yes
STU0362,Engineer,Govt College,81.9,Low,On Campus,No
STU0363,Farmer,International School,80.3,High,Off Campus,Yes
STU0364,Farmer,Govt College,68.2,Lower-Middle,With Family,No
STU0365,Engineer,Model School,71.0,High,With Family,Yes
STU0366,Farmer,International School,66.2,High,Off Campus,Yes
STU0367,Doctor,City College,68.2,Low,On Campus,No
STU0368,Business,Govt College,59.3,High,With Family,Yes
STU0369,Business,Model School,73.2,Upper-Middle,Off Campus,Yes
STU0370,Business,Govt College,76.1,Lower-Middle,With Family,Yes
STU0371,Engineer,Model School,75.8,Lower-Middle,Off Campus,No
STU0372,Service,City College,88.6,Upper-Middle,With Family,No
STU0373,Business,Model School,72.7,Lower-Middle,Off Campus,No
STU0374,Doctor,Govt College,69.9,Lower-Middle,With Family,Yes
STU0375,Engineer,Govt College,65.9,Upper-Middle,On Campus,No
STU0376,Teacher,Model School,69.4,Lower-Middle,With Family,No
STU0377,Doctor,Model School,78.3,Lower-Middle,With Family,Yes
STU0378,Engineer,International School,96.3,High,With Family,Yes
STU0379,Engineer,Govt College,64.4,Low,On Campus,Yes
STU0380,Teacher,City College,68.0,Middle,On Campus,No
STU0381,Service,International School,70.4,Low,Off Campus,Yes
STU0382,Teacher,City College,73.9,Low,On Campus,No
STU0383,Teacher,Govt College,79.9,High,Off Campus,No
STU0384,Business,Model School,66.6,High,Off Campus,Yes
STU0385,Teacher,Model School,91.6,Middle,On Campus,Yes
STU0386,Teacher,International School,65.6,Middle,Off Campus,No
STU0387,Farmer,International School,75.4,Middle,With Family,Yes
STU0388,Teacher,International School,62.4,Upper-Middle,With Family,No
STU0389,Doctor,Govt College,59.8,Upper-Middle,With Family,No
STU0390,Doctor,City College,81.3,High,On Campus,Yes
STU0391,Business,Model School,76.7,Middle,On Campus,No
STU0392,Doctor,Govt College,72.0,Middle,Off Campus,No
STU0393,Farmer,International School,48.7,Low,Off Campus,Yes
STU0394,Teacher,Govt College,61.6,Low,On Campus,Yes
STU0395,Service,City College,68.7,Low,On Campus,Yes
STU0396,Service,City College,64.2,Low,With Family,No
STU0397,Teacher,International School,71.9,Lower-Middle,With Family,Yes
STU0398,Teacher,Model School,91.4,Upper-Middle,On Campus,No
STU0399,Teacher,International School,80.1,High,On Campus,Yes
STU0400,Service,Govt College,69.4,Upper-Middle,On Campus,No
STU0401,Business,Model School,78.4,High,On Campus,Yes
STU0402,Service,International School,74.5,Lower-Middle,On Campus,Yes
STU0403,Farmer,Model School,59.2,Low,Off Campus,No
STU0404,Service,Model School,73.0,Low,On Campus,No
STU0405,Engineer,Model School,75.2,High,With Family,No
STU0406,Engineer,International School,86.6,Low,Off Campus,Yes
STU0407,Business,Model School,86.5,Low,On Campus,No
STU0408,Engineer,Model School,96.2,Lower-Middle,Off Campus,Yes
STU0409,Farmer,City College,71.2,Lower-Middle,Off Campus,No
STU0410,Business,International School,74.2,High,With Family,Yes
STU0411,Doctor,Govt College,78.4,High,With Family,No
STU0412,Engineer,International School,72.0,Middle,On Campus,No
STU0413,Doctor,City College,60.4,Middle,Off Campus,Yes
STU0414,Farmer,Govt College,78.7,Middle,Off Campus,Yes
STU0415,Teacher,City College,82.7,High,With Family,Yes
STU0416,Teacher,International School,80.1,Lower-Middle,With Family,No
STU0417,Farmer,City College,82.9,Lower-Middle,On Campus,No
STU0418,Teacher,International School,75.5,High,With Family,No
STU0419,Business,Govt College,73.8,Upper-Middle,With Family,No
STU0420,Doctor,Govt College,73.2,Middle,On Campus,Yes
STU0421,Doctor,International School,72.2,Upper-Middle,With Family,Yes
STU0422,Farmer,Govt College,66.5,Lower-Middle,With Family,Yes
STU0423,Farmer,Govt College,67.5,Lower-Middle,Off Campus,Yes
STU0424,Teacher,Govt College,48.8,Low,With Family,Yes
STU0425,Business,International School,64.2,Upper-Middle,Off Campus,Yes
STU0426,Teacher,International School,64.1,Lower-Middle,With Family,Yes
STU0427,Doctor,International School,66.6,Upper-Middle,With Family,Yes
STU0428,Doctor,Model School,83.5,Low,On Campus,Yes
STU0429,Service,City College,69.2,Middle,On Campus,No
STU0430,Engineer,Govt College,79.0,Upper-Middle,On Campus,Yes
STU0431,Doctor,Model School,65.6,Upper-Middle,With Family,Yes
STU0432,Service,Model School,52.2,High,Off Campus,Yes
STU0433,Teacher,Model School,67.5,Upper-Middle,On Campus,No
STU0434,Business,Model School,65.8,Lower-Middle,Off Campus,No
STU0435,Doctor,International School,82.6,Middle,With Family,Yes
STU0436,Teacher,City College,79.0,High,With Family,No
STU0437,Engineer,Govt College,90.1,Lower-Middle,With Family,Yes
STU0438,Teacher,City College,65.7,Middle,With Family,No
STU0439,Teacher,International School,76.8,Lower-Middle,Off Campus,No
STU0440,Service,International School,80.5,Middle,Off Campus,Yes
STU0441,Teacher,Model School,68.7,Low,On Campus,Yes
STU0442,Teacher,Govt College,68.5,High,With Family,No
STU0443,Doctor,City College,59.5,High,Off Campus,No
STU0444,Service,City College,76.1,Lower-Middle,On Campus,No
STU0445,Teacher,City College,59.1,High,Off Campus,No
STU0446,Farmer,International School,81.9,Upper-Middle,On Campus,No
STU0447,Business,Govt College,71.9,Low,On Campus,No
STU0448,Farmer,International School,65.9,Lower-Middle,On Campus,Yes
STU0449,Service,Govt College,40.0,High,Off Campus,Yes
STU0450,Doctor,Govt College,72.8,Low,On Campus,Yes
STU0451,Business,Model School,87.2,High,On Campus,Yes
STU0452,Teacher,Govt College,62.8,Upper-Middle,With Family,Yes
STU0453,Doctor,Govt College,57.8,Upper-Middle,With Family,Yes
STU0454,Farmer,Govt College,75.9,Upper-Middle,On Campus,Yes
STU0455,Engineer,City College,73.9,Low,Off Campus,Yes
STU0456,Engineer,Govt College,64.1,Upper-Middle,On Campus,Yes
STU0457,Doctor,Model School,74.8,Upper-Middle,With Family,No
STU0458,Farmer,City College,68.9,Middle,On Campus,No
STU0459,Teacher,International School,89.5,Low,On Campus,Yes
STU0460,Teacher,International School,70.0,Middle,On Campus,Yes
STU0461,Business,International School,73.9,Upper-Middle,On Campus,Yes
STU0462,Teacher,Model School,58.6,High,Off Campus,No
STU0463,Engineer,International School,57.3,Lower-Middle,On Campus,No
STU0464,Business,Govt College,72.4,High,With Family,Yes
STU0465,Engineer,Model School,100.5,High,With Family,No
STU0466,Farmer,Govt College,56.7,Low,Off Campus,No
STU0467,Doctor,City College,67.5,Upper-Middle,Off Campus,No
STU0468,Business,City College,69.2,Lower-Middle,With Family,No
STU0469,Doctor,Govt College,73.7,Middle,With Family,Yes
STU0470,Farmer,City College,66.1,Middle,With Family,Yes
STU0471,Service,Govt College,76.5,Low,On Campus,Yes
STU0472,Teacher,International School,64.3,Middle,Off Campus,Yes
STU0473,Business,Model School,78.3,Low,Off Campus,No
STU0474,Doctor,Model School,81.6,Low,With Family,No
STU0475,Farmer,City College,72.0,Middle,With Family,No
STU0476,Service,Model School,69.1,Upper-Middle,On Campus,Yes
STU0477,Business,Model School,76.3,Low,Off Campus,Yes
STU0478,Teacher,Govt College,91.0,Lower-Middle,On Campus,No
STU0479,Doctor,International School,89.8,Upper-Middle,On Campus,Yes
STU0480,Doctor,Model School,65.6,Lower-Middle,Off Campus,No
STU0481,Farmer,Model School,87.4,Upper-Middle,On Campus,Yes
STU0482,Farmer,City College,72.4,Middle,With Family,No
STU0483,Doctor,International School,64.2,Low,Off Campus,Yes
STU0484,Service,International School,79.5,Middle,Off Campus,Yes
STU0485,Service,International School,85.6,Lower-Middle,Off Campus,No
STU0486,Business,City College,69.2,Lower-Middle,With Family,Yes
STU0487,Teacher,Govt College,77.5,Low,Off Campus,No
STU0488,Farmer,City College,92.5,Middle,With Family,No
STU0489,Teacher,City College,65.5,Middle,On Campus,No
STU0490,Doctor,Model School,65.6,Upper-Middle,With Family,Yes
STU0491,Teacher,City College,60.1,Lower-Middle,On Campus,No
STU0492,Business,City College,68.0,Upper-Middle,On Campus,Yes
STU0493,Business,International School,79.1,Lower-Middle,Off Campus,No
STU0494,Teacher,City College,71.6,Lower-Middle,Off Campus,Yes
STU0495,Doctor,Model School,78.2,High,Off Campus,Yes
STU0496,Farmer,Govt College,83.9,Upper-Middle,Off Campus,No
STU0497,Doctor,Model School,69.3,Upper-Middle,With Family,No
STU0498,Service,Govt College,65.1,Middle,Off Campus,Yes
STU0499,Teacher,City College,58.7,Middle,With Family,Yes
STU0500,Service,Govt College,70.3,Low,With Family,Yes
STU0501,Service,City College,79.2,Upper-Middle,On Campus,No
STU0502,Doctor,International School,63.4,Middle,On Campus,No
STU0503,Service,Govt College,87.6,Lower-Middle,With Family,Yes
STU0504,Service,Govt College,72.5,Upper-Middle,Off Campus,No
STU0505,Teacher,International School,75.1,Lower-Middle,With Family,No
STU0506,Farmer,City College,61.2,Lower-Middle,With Family,Yes
STU0507,Business,Govt College,72.1,Low,On Campus,Yes
STU0508,Doctor,Model School,61.7,Middle,With Family,No
STU0509,Farmer,Model School,64.2,High,Off Campus,No
STU0510,Farmer,City College,79.9,High,On Campus,No
STU0511,Teacher,City College,79.1,Upper-Middle,With Family,No
STU0512,Service,International School,73.4,Upper-Middle,With Family,Yes
STU0513,Engineer,City College,78.0,Low,Off Campus,No
STU0514,Business,City College,79.9,Middle,With Family,Yes
STU0515,Farmer,International School,73.5,High,On Campus,No
STU0516,Business,Govt College,67.4,Lower-Middle,Off Campus,No
STU0517,Teacher,Model School,73.8,Low,Off Campus,No
STU0518,Teacher,City College,70.3,High,On Campus,No
STU0519,Farmer,Model School,73.2,Lower-Middle,With Family,No
STU0520,Teacher,Model School,77.6,Lower-Middle,Off Campus,Yes
STU0521,Engineer,International School,80.7,Lower-Middle,With Family,No
STU0522,Service,Govt College,73.3,Lower-Middle,Off Campus,Yes
STU0523,Doctor,Model School,73.6,Low,Off Campus,No
STU0524,Farmer,Govt College,84.7,High,Off Campus,Yes
STU0525,Farmer,Govt College,72.6,Lower-Middle,Off Campus,No
STU0526,Farmer,International School,77.3,Low,On Campus,No
STU0527,Business,Govt College,73.7,Lower-Middle,On Campus,Yes
STU0528,Service,City College,79.9,Low,Off Campus,No
STU0529,Farmer,International School,79.6,Lower-Middle,Off Campus,Yes
STU0530,Business,International School,67.5,Low,With Family,Yes
STU0531,Teacher,City College,72.7,High,With Family,Yes
STU0532,Business,City College,72.8,Middle,With Family,Yes
STU0533,Business,City College,90.4,Low,With Family,No
STU0534,Farmer,International School,68.0,High,Off Campus,Yes
STU0535,Engineer,City College,79.3,High,On Campus,Yes
STU0536,Doctor,City College,91.4,Middle,With Family,Yes
STU0537,Engineer,Govt College,84.7,Low,On Campus,No
STU0538,Business,City College,70.8,High,On Campus,No
STU0539,Business,International School,82.7,Middle,Off Campus,No
STU0540,Farmer,International School,76.7,Middle,Off Campus,Yes
STU0541,Doctor,International School,85.2,Lower-Middle,Off Campus,No
STU0542,Business,International School,81.6,Low,Off Campus,Yes
STU0543,Service,International School,67.9,High,Off Campus,No
STU0544,Doctor,International School,60.6,Middle,With Family,No
STU0545,Doctor,International School,63.9,Lower-Middle,Off Campus,Yes
STU0546,Business,City College,66.0,Lower-Middle,On Campus,Yes
STU0547,Farmer,City College,76.9,Low,Off Campus,No
STU0548,Doctor,Model School,77.9,Lower-Middle,On Campus,Yes
STU0549,Service,International School,79.1,Middle,Off Campus,Yes
STU0550,Doctor,Govt College,68.5,Upper-Middle,Off Campus,No
STU0551,Doctor,City College,80.0,Middle,With Family,No
STU0552,Service,Govt College,71.5,Lower-Middle,With Family,No
STU0553,Business,Govt College,91.8,High,With Family,No
STU0554,Doctor,Model School,53.9,Middle,On Campus,No
STU0555,Engineer,City College,72.9,Low,On Campus,No
STU0556,Engineer,City College,77.8,High,On Campus,No
STU0557,Doctor,Govt College,44.6,Middle,With Family,Yes
STU0558,Doctor,International School,57.1,Low,With Family,Yes
STU0559,Doctor,Model School,77.7,High,With Family,No
STU0560,Doctor,International School,81.6,Middle,On Campus,No
STU0561,Service,Model School,73.8,High,On Campus,No
STU0562,Business,City College,72.9,High,Off Campus,No
STU0563,Service,Model School,76.5,Lower-Middle,On Campus,No
STU0564,Farmer,International School,75.7,Low,On Campus,Yes
STU0565,Business,Model School,68.0,Middle,With Family,Yes
STU0566,Business,City College,76.2,Upper-Middle,With Family,No
STU0567,Teacher,City College,65.3,Upper-Middle,On Campus,No
STU0568,Business,Model School,76.4,Lower-Middle,With Family,Yes
STU0569,Farmer,Govt College,77.6,Middle,Off Campus,No
STU0570,Teacher,City College,73.7,Lower-Middle,On Campus,Yes
STU0571,Doctor,International School,66.2,Lower-Middle,With Family,Yes
STU0572,Doctor,International School,102.8,High,On Campus,No
STU0573,Business,Model School,61.9,Lower-Middle,On Campus,No
STU0574,Service,Govt College,65.3,Middle,With Family,Yes
STU0575,Doctor,City College,62.3,Lower-Middle,With Family,Yes
STU0576,Farmer,Govt College,54.1,Upper-Middle,With Family,Yes
STU0577,Teacher,International School,81.3,Upper-Middle,With Family,No
STU0578,Service,City College,73.8,Middle,With Family,No
STU0579,Service,Model School,76.8,Middle,Off Campus,Yes
STU0580,Service,International School,78.6,High,With Family,No
STU0581,Engineer,International School,67.1,High,On Campus,Yes
STU0582,Doctor,City College,74.8,Low,With Family,Yes
STU0583,Farmer,Govt College,65.4,Upper-Middle,Off Campus,No
STU0584,Service,City College,76.1,Low,With Family,Yes
STU0585,Business,International School,58.1,Low,Off Campus,Yes
STU0586,Service,Govt College,65.7,High,With Family,Yes
STU0587,Teacher,City College,70.6,Lower-Middle,With Family,Yes
STU0588,Teacher,Govt College,75.2,Low,With Family,Yes
STU0589,Doctor,International School,76.5,Lower-Middle,On Campus,No
STU0590,Teacher,Govt College,60.4,Upper-Middle,On Campus,No
STU0591,Doctor,City College,81.5,Middle,Off Campus,Yes
STU0592,Service,International School,71.0,Upper-Middle,With Family,No
STU0593,Doctor,City College,64.3,Middle,On Campus,No
STU0594,Service,City College,76.2,High,Off Campus,Yes
STU0595,Farmer,International School,78.2,Lower-Middle,On Campus,No
STU0596,Business,Govt College,79.5,Low,With Family,No
STU0597,Engineer,International School,63.3,Upper-Middle,On Campus,Yes
STU0598,Farmer,International School,69.6,Middle,Off Campus,No
STU0599,Teacher,International School,73.9,High,Off Campus,Yes
STU0600,Engineer,City College,76.3,Lower-Middle,Off Campus,Yes
STU0601,Teacher,Govt College,50.3,Low,Off Campus,Yes
STU0602,Doctor,Govt College,73.1,High,Off Campus,No
STU0603,Business,Govt College,82.1,Low,On Campus,No
STU0604,Engineer,Govt College,54.6,Upper-Middle,With Family,Yes
STU0605,Business,Govt College,90.2,Low,With Family,Yes
STU0606,Teacher,Model School,69.1,High,With Family,No
STU0607,Engineer,International School,62.8,High,Off Campus,Yes
STU0608,Business,Govt College,68.6,Lower-Middle,On Campus,Yes
STU0609,Service,City College,84.3,Lower-Middle,With Family,Yes
STU0610,Service,Model School,80.9,Middle,With Family,Yes
STU0611,Business,Govt College,70.9,Low,On Campus,No
STU0612,Farmer,City College,59.4,Lower-Middle,Off Campus,No
STU0613,Farmer,International School,52.4,Upper-Middle,With Family,Yes
STU0614,Teacher,City College,58.5,Middle,With Family,No
STU0615,Teacher,International School,64.6,Middle,On Campus,No
STU0616,Farmer,Govt College,82.5,Lower-Middle,With Family,No
STU0617,Engineer,Govt College,79.8,Lower-Middle,With Family,No
STU0618,Service,Govt College,74.6,Middle,With Family,Yes
STU0619,Teacher,Govt College,76.2,Lower-Middle,On Campus,Yes
STU0620,Teacher,International School,74.4,Low,On Campus,Yes
STU0621,Doctor,Model School,76.5,Low,With Family,Yes
STU0622,Doctor,Model School,80.4,Lower-Middle,With Family,Yes
STU0623,Teacher,City College,77.3,Lower-Middle,Off Campus,Yes
STU0624,Engineer,Model School,83.5,High,Off Campus,No
STU0625,Farmer,City College,76.3,Upper-Middle,Off Campus,Yes
STU0626,Farmer,International School,64.6,Upper-Middle,With Family,Yes
STU0627,Service,City College,64.8,High,Off Campus,Yes
STU0628,Business,International School,76.2,Upper-Middle,Off Campus,No
STU0629,Service,International School,72.6,High,Off Campus,No
STU0630,Business,City College,84.3,Lower-Middle,On Campus,Yes
STU0631,Business,International School,73.2,Middle,With Family,Yes
STU0632,Business,Govt College,89.9,Low,On Campus,No
STU0633,Farmer,City College,68.8,Middle,With Family,Yes
STU0634,Farmer,City College,61.1,Lower-Middle,With Family,No
STU0635,Service,City College,79.2,Middle,On Campus,No
STU0636,Service,Model School,74.5,High,On Campus,Yes
STU0637,Business,Model School,70.9,Low,With Family,Yes
STU0638,Doctor,City College,65.2,Low,With Family,No
STU0639,Doctor,City College,83.9,High,Off Campus,No
STU0640,Service,City College,83.8,Upper-Middle,With Family,Yes
STU0641,Farmer,Govt College,99.7,Upper-Middle,Off Campus,No
STU0642,Teacher,Govt College,84.2,Middle,With Family,Yes
STU0643,Teacher,International School,67.4,Middle,With Family,Yes
STU0644,Engineer,Model School,77.0,Lower-Middle,Off Campus,No
STU0645,Teacher,City College,80.7,High,On Campus,No
STU0646,Business,City College,75.2,Upper-Middle,With Family,No
STU0647,Farmer,Govt College,79.2,High,Off Campus,No
STU0648,Doctor,International School,83.8,Middle,With Family,No
STU0649,Teacher,City College,82.3,High,On Campus,No
STU0650,Farmer,International School,84.7,Middle,With Family,Yes
STU0651,Engineer,Govt College,55.5,High,With Family,No
STU0652,Business,Model School,91.7,Middle,Off Campus,No
STU0653,Doctor,International School,71.3,High,With Family,No
STU0654,Doctor,Govt College,64.3,Middle,On Campus,Yes
STU0655,Farmer,International School,69.8,Low,Off Campus,Yes
STU0656,Service,City College,66.6,Lower-Middle,Off Campus,Yes
STU0657,Teacher,International School,66.4,High,With Family,No
STU0658,Teacher,City College,66.5,Upper-Middle,With Family,No
STU0659,Engineer,Govt College,69.9,Low,With Family,No
STU0660,Engineer,City College,73.5,Low,Off Campus,Yes
STU0661,Doctor,Model School,77.1,Lower-Middle,On Campus,Yes
STU0662,Teacher,International School,65.6,Low,Off Campus,Yes
STU0663,Service,Model School,61.6,Lower-Middle,On Campus,Yes
STU0664,Engineer,Govt College,58.5,Low,With Family,Yes
STU0665,Farmer,International School,83.5,High,On Campus,No
STU0666,Teacher,Model School,71.6,Lower-Middle,Off Campus,Yes
STU0667,Service,International School,73.6,Upper-Middle,On Campus,No
STU0668,Business,Model School,73.2,High,With Family,No
STU0669,Teacher,City College,76.1,Lower-Middle,Off Campus,No
STU0670,Doctor,Govt College,78.3,Low,With Family,No
STU0671,Teacher,Model School,81.6,Upper-Middle,With Family,Yes
STU0672,Teacher,International School,64.2,Lower-Middle,Off Campus,Yes
STU0673,Business,International School,71.9,Middle,On Campus,Yes
STU0674,Teacher,International School,69.5,Upper-Middle,With Family,Yes
STU0675,Doctor,Govt College,83.3,High,With Family,Yes
STU0676,Farmer,International School,83.6,High,Off Campus,No
STU0677,Farmer,Model School,72.2,High,On Campus,Yes
STU0678,Farmer,Model School,74.1,High,On Campus,No
STU0679,Business,City College,94.4,Middle,Off Campus,No
STU0680,Engineer,Model School,72.9,Middle,With Family,Yes
STU0681,Business,City College,68.0,Lower-Middle,On Campus,No
STU0682,Teacher,City College,84.2,High,With Family,Yes
STU0683,Business,International School,73.2,High,Off Campus,Yes
STU0684,Service,Model School,68.0,High,With Family,Yes
STU0685,Engineer,City College,71.8,Upper-Middle,On Campus,No
STU0686,Service,City College,71.8,High,With Family,Yes
STU0687,Teacher,International School,91.4,Lower-Middle,With Family,No
STU0688,Doctor,Model School,75.0,Low,On Campus,Yes
STU0689,Business,Govt College,81.5,Middle,With Family,Yes
STU0690,Engineer,International School,73.9,High,Off Campus,No
STU0691,Business,Model School,54.4,Lower-Middle,Off Campus,Yes
STU0692,Teacher,City College,52.6,Upper-Middle,On Campus,No
STU0693,Doctor,City College,67.0,Upper-Middle,On Campus,No
STU0694,Teacher,City College,78.4,Lower-Middle,With Family,Yes
STU0695,Farmer,International School,73.7,Lower-Middle,With Family,Yes
STU0696,Farmer,City College,61.9,High,With Family,Yes
STU0697,Farmer,International School,65.4,Low,With Family,Yes
STU0698,Engineer,City College,65.2,Upper-Middle,On Campus,No
STU0699,Doctor,Govt College,83.6,Low,Off Campus,Yes
STU0700,Doctor,Govt College,70.2,Lower-Middle,On Campus,Yes
STU0701,Service,City College,78.8,Low,On Campus,Yes
STU0702,Farmer,Model School,72.1,High,On Campus,No
STU0703,Doctor,Govt College,80.2,Upper-Middle,With Family,Yes
STU0704,Doctor,Model School,64.6,Middle,Off Campus,Yes
STU0705,Doctor,Model School,72.6,Lower-Middle,On Campus,No
STU0706,Service,City College,85.1,Lower-Middle,Off Campus,No
STU0707,Farmer,City College,78.2,Upper-Middle,With Family,Yes
STU0708,Engineer,City College,67.6,Lower-Middle,Off Campus,Yes
STU0709,Engineer,International School,70.3,High,On Campus,No
STU0710,Engineer,International School,71.1,Lower-Middle,On Campus,Yes
STU0711,Teacher,International School,72.1,Middle,On Campus,Yes
STU0712,Doctor,Model School,99.9,High,On Campus,No
STU0713,Engineer,Govt College,54.4,Middle,Off Campus,Yes
STU0714,Doctor,City College,72.7,High,Off Campus,No
STU0715,Teacher,Model School,50.2,High,Off Campus,No
STU0716,Business,Govt College,66.1,Lower-Middle,On Campus,No
STU0717,Engineer,Govt College,92.8,Low,On Campus,No
STU0718,Doctor,International School,70.9,Middle,On Campus,No
STU0719,Farmer,International School,74.3,Middle,Off Campus,No
STU0720,Teacher,Govt College,70.7,Lower-Middle,On Campus,No
STU0721,Service,Model School,64.0,Middle,Off Campus,No
STU0722,Farmer,International School,70.8,Low,Off Campus,No
STU0723,Farmer,Govt College,90.2,Middle,Off Campus,Yes
STU0724,Teacher,City College,75.2,High,On Campus,No
STU0725,Farmer,International School,88.2,Lower-Middle,Off Campus,Yes
STU0726,Service,Govt College,64.5,Middle,Off Campus,Yes
STU0727,Doctor,City College,67.0,Low,On Campus,No
STU0728,Doctor,City College,75.2,Lower-Middle,Off Campus,Yes
STU0729,Business,City College,80.2,High,On Campus,No
STU0730,Farmer,Govt College,65.4,Upper-Middle,On Campus,No
STU0731,Business,Govt College,73.2,Lower-Middle,On Campus,No
STU0732,Farmer,City College,69.3,Low,Off Campus,Yes
STU0733,Engineer,Model School,75.4,Lower-Middle,With Family,No
STU0734,Service,International School,94.1,Upper-Middle,With Family,Yes
STU0735,Teacher,City College,82.2,Lower-Middle,On Campus,No
STU0736,Service,Govt College,77.0,Middle,On Campus,No
STU0737,Teacher,City College,94.2,Middle,On Campus,No
STU0738,Service,Model School,88.9,Lower-Middle,Off Campus,Yes
STU0739,Business,Govt College,72.9,Low,With Family,No
STU0740,Doctor,Model School,79.7,Lower-Middle,With Family,Yes
STU0741,Teacher,Model School,72.0,Low,Off Campus,No
STU0742,Doctor,Govt College,68.8,Low,Off Campus,Yes
STU0743,Doctor,Govt College,72.3,Middle,With Family,Yes
STU0744,Service,Model School,73.8,Upper-Middle,Off Campus,Yes
STU0745,Engineer,Govt College,70.5,Upper-Middle,Off Campus,Yes
STU0746,Business,International School,81.4,Upper-Middle,Off Campus,No
STU0747,Doctor,Govt College,79.6,Upper-Middle,With Family,Yes
STU0748,Business,City College,82.8,Upper-Middle,With Family,Yes
STU0749,Service,Model School,83.0,Low,Off Campus,Yes
STU0750,Doctor,International School,84.6,Lower-Middle,On Campus,Yes
STU0751,Engineer,Model School,79.3,High,On Campus,Yes
STU0752,Teacher,International School,60.0,Upper-Middle,On Campus,No
STU0753,Engineer,Govt College,86.8,Middle,With Family,No
STU0754,Engineer,City College,78.1,Upper-Middle,Off Campus,Yes
STU0755,Teacher,International School,67.3,Upper-Middle,With Family,No
STU0756,Engineer,Model School,88.3,High,Off Campus,No
STU0757,Doctor,Govt College,59.0,Middle,Off Campus,Yes
STU0758,Farmer,Model School,76.3,High,Off Campus,Yes
STU0759,Farmer,City College,73.5,Upper-Middle,On Campus,No
STU0760,Business,Govt College,71.4,Lower-Middle,With Family,Yes
STU0761,Doctor,International School,60.8,High,Off Campus,No
STU0762,Teacher,Model School,69.9,High,With Family,No
STU0763,Business,Govt College,53.5,Middle,With Family,No
STU0764,Service,City College,80.5,Lower-Middle,With Family,Yes
STU0765,Doctor,Govt College,64.1,Low,On Campus,Yes
STU0766,Engineer,International School,69.1,Lower-Middle,On Campus,Yes
STU0767,Service,Govt College,58.8,Low,On Campus,Yes
STU0768,Engineer,Govt College,58.7,Low,On Campus,No
STU0769,Engineer,International School,68.7,Upper-Middle,Off Campus,Yes
STU0770,Business,Model School,69.1,Middle,With Family,Yes
STU0771,Teacher,Model School,59.3,Upper-Middle,With Family,Yes
STU0772,Engineer,City College,75.7,Middle,On Campus,No
STU0773,Doctor,City College,78.8,High,With Family,Yes
STU0774,Engineer,Model School,75.7,Upper-Middle,On Campus,Yes
STU0775,Teacher,Govt College,102.2,Upper-Middle,With Family,No
STU0776,Business,Govt College,69.7,High,With Family,Yes
STU0777,Doctor,City College,90.1,Lower-Middle,With Family,Yes
STU0778,Farmer,Model School,67.3,Middle,Off Campus,Yes
STU0779,Farmer,City College,66.0,Upper-Middle,With Family,No
STU0780,Farmer,International School,66.6,Lower-Middle,Off Campus,No
STU0781,Business,International School,66.3,Upper-Middle,On Campus,No
STU0782,Business,International School,66.3,Middle,With Family,No
STU0783,Engineer,Govt College,73.1,Low,On Campus,Yes
STU0784,Business,City College,86.0,High,With Family,Yes
STU0785,Engineer,City College,72.1,Upper-Middle,On Campus,Yes
STU0786,Engineer,International School,69.2,Middle,Off Campus,Yes
STU0787,Engineer,Govt College,91.6,High,On Campus,Yes
STU0788,Farmer,International School,89.3,Middle,On Campus,Yes
STU0789,Engineer,Model School,90.3,Upper-Middle,With Family,Yes
STU0790,Service,City College,66.2,Middle,With Family,No
STU0791,Business,City College,60.9,High,With Family,No
STU0792,Doctor,Model School,81.0,Middle,With Family,No
STU0793,Doctor,International School,70.1,Low,On Campus,Yes
STU0794,Teacher,Model School,57.4,Low,Off Campus,No
STU0795,Doctor,Model School,65.6,Low,Off Campus,Yes
STU0796,Farmer,Model School,69.8,Lower-Middle,On Campus,No
STU0797,Business,Govt College,75.8,Middle,With Family,Yes
STU0798,Service,City College,70.8,Middle,Off Campus,No
STU0799,Doctor,City College,76.2,Upper-Middle,With Family,Yes
STU0800,Engineer,City College,78.8,Low,With Family,Yes
STU0801,Business,International School,79.5,Lower-Middle,With Family,No
STU0802,Service,City College,83.9,Low,Off Campus,Yes
STU0803,Farmer,City College,62.7,Upper-Middle,With Family,Yes
STU0804,Business,City College,93.8,Middle,With Family,Yes
STU0805,Service,Govt College,58.5,Lower-Middle,Off Campus,Yes
STU0806,Engineer,Govt College,82.8,Lower-Middle,On Campus,Yes
STU0807,Engineer,Model School,87.3,Low,Off Campus,No
STU0808,Teacher,City College,74.0,Middle,On Campus,No
STU0809,Farmer,International School,66.5,High,On Campus,Yes
STU0810,Teacher,City College,79.8,Upper-Middle,On Campus,Yes
STU0811,Engineer,Model School,80.0,High,Off Campus,No
STU0812,Farmer,Model School,78.4,Low,Off Campus,Yes
STU0813,Business,International School,87.1,Lower-Middle,On Campus,Yes
STU0814,Teacher,City College,54.8,High,With Family,No
STU0815,Business,International School,82.7,Lower-Middle,With Family,No
STU0816,Engineer,International School,74.9,High,Off Campus,No
STU0817,Doctor,International School,78.0,Low,On Campus,Yes
STU0818,Business,Model School,82.1,Low,With Family,No
STU0819,Service,Model School,52.5,High,On Campus,Yes
STU0820,Engineer,Model School,68.4,High,Off Campus,Yes
STU0821,Doctor,Govt College,63.9,Lower-Middle,Off Campus,No
STU0822,Doctor,Govt College,65.9,Lower-Middle,With Family,Yes
STU0823,Business,Model School,69.8,Middle,Off Campus,Yes
STU0824,Farmer,City College,86.3,Upper-Middle,With Family,No
STU0825,Engineer,Govt College,66.0,Lower-Middle,Off Campus,No
STU0826,Service,International School,82.4,Upper-Middle,With Family,Yes
STU0827,Doctor,International School,70.9,High,With Family,Yes
STU0828,Engineer,Model School,84.0,Upper-Middle,On Campus,No
STU0829,Service,Model School,96.7,Lower-Middle,On Campus,Yes
STU0830,Engineer,City College,69.4,High,On Campus,Yes
STU0831,Business,International School,68.0,High,Off Campus,Yes
STU0832,Teacher,City College,84.8,Upper-Middle,Off Campus,No
STU0833,Teacher,Model School,54.8,Upper-Middle,Off Campus,Yes
STU0834,Service,International School,65.4,Lower-Middle,With Family,Yes
STU0835,Teacher,City College,82.0,Middle,With Family,Yes
STU0836,Engineer,Govt College,79.6,Upper-Middle,With Family,Yes
STU0837,Teacher,City College,72.0,Upper-Middle,On Campus,Yes
STU0838,Service,Model School,72.0,Upper-Middle,With Family,No
STU0839,Doctor,Govt College,76.0,High,With Family,Yes
STU0840,Business,Govt College,78.2,High,Off Campus,No
STU0841,Engineer,Model School,73.3,Lower-Middle,Off Campus,Yes
STU0842,Engineer,International School,77.8,Low,On Campus,Yes
STU0843,Farmer,Govt College,60.5,Middle,With Family,No
STU0844,Engineer,International School,70.9,High,With Family,Yes
STU0845,Business,International School,80.9,Lower-Middle,Off Campus,No
STU0846,Service,International School,61.8,High,On Campus,No
STU0847,Doctor,International School,84.4,Upper-Middle,With Family,No
STU0848,Teacher,Govt College,72.5,Middle,On Campus,Yes
STU0849,Engineer,City College,76.9,Upper-Middle,Off Campus,Yes
STU0850,Service,City College,70.1,High,On Campus,No
STU0851,Service,City College,69.6,Upper-Middle,With Family,Yes
STU0852,Teacher,Govt College,82.8,High,With Family,Yes
STU0853,Service,Model School,79.7,High,With Family,Yes
STU0854,Service,Govt College,86.2,High,With Family,Yes
STU0855,Service,Model School,84.7,High,With Family,Yes
STU0856,Teacher,International School,71.7,High,With Family,No
STU0857,Doctor,Model School,62.3,High,Off Campus,No
STU0858,Engineer,International School,59.6,Upper-Middle,Off Campus,Yes
STU0859,Teacher,International School,89.3,Lower-Middle,On Campus,No
STU0860,Business,International School,68.2,Middle,With Family,No
STU0861,Teacher,International School,90.0,High,With Family,No
STU0862,Engineer,Govt College,85.3,Middle,With Family,Yes
STU0863,Doctor,Govt College,76.0,High,With Family,No
STU0864,Teacher,International School,75.8,Upper-Middle,With Family,Yes
STU0865,Engineer,Govt College,80.5,Lower-Middle,With Family,No
STU0866,Teacher,Govt College,76.2,Middle,With Family,No
STU0867,Engineer,City College,90.7,Upper-Middle,With Family,No
STU0868,Teacher,Govt College,54.4,High,With Family,No
STU0869,Doctor,Model School,90.4,Low,On Campus,Yes
STU0870,Teacher,International School,82.2,Upper-Middle,Off Campus,No
STU0871,Teacher,Model School,70.0,High,Off Campus,No
STU0872,Business,Govt College,90.3,Middle,Off Campus,Yes
STU0873,Business,Govt College,72.4,Upper-Middle,With Family,Yes
STU0874,Service,City College,62.1,High,Off Campus,Yes
STU0875,Teacher,International School,78.7,Middle,Off Campus,Yes
STU0876,Teacher,City College,60.2,Middle,With Family,Yes
STU0877,Engineer,International School,68.6,Low,Off Campus,Yes
STU0878,Engineer,International School,70.3,Upper-Middle,Off Campus,Yes
STU0879,Doctor,International School,76.5,High,Off Campus,No
STU0880,Doctor,Model School,87.3,High,With Family,No
STU0881,Business,City College,68.2,Lower-Middle,Off Campus,No
STU0882,Doctor,Model School,69.6,Low,On Campus,Yes
STU0883,Doctor,Model School,62.7,Low,Off Campus,No
STU0884,Engineer,Model School,60.4,Low,With Family,No
STU0885,Farmer,City College,70.1,Low,With Family,No
STU0886,Business,Model School,50.7,Low,On Campus,Yes
STU0887,Doctor,Model School,69.5,Low,On Campus,Yes
STU0888,Farmer,City College,84.5,Upper-Middle,Off Campus,Yes
STU0889,Doctor,City College,50.6,Low,With Family,No
STU0890,Service,Model School,82.2,Upper-Middle,Off Campus,Yes
STU0891,Business,International School,74.7,Low,Off Campus,No
STU0892,Engineer,Govt College,64.0,Upper-Middle,On Campus,Yes
STU0893,Service,International School,55.8,High,With Family,Yes
STU0894,Teacher,Govt College,73.0,Middle,With Family,No
STU0895,Teacher,International School,71.5,Low,Off Campus,No
STU0896,Engineer,Model School,87.0,Middle,Off Campus,Yes
STU0897,Service,City College,68.8,Low,On Campus,Yes
STU0898,Farmer,Model School,79.3,High,Off Campus,Yes
STU0899,Business,City College,73.1,High,Off Campus,Yes
STU0900,Teacher,International School,83.2,Lower-Middle,With Family,Yes
STU0901,Teacher,Model School,55.1,High,With Family,No
STU0902,Teacher,International School,82.6,Upper-Middle,With Family,Yes
STU0903,Doctor,Model School,81.5,High,Off Campus,Yes
STU0904,Business,City College,63.4,High,On Campus,No
STU0905,Service,Govt College,63.5,Lower-Middle,On Campus,No
STU0906,Doctor,International School,55.6,Upper-Middle,Off Campus,No
STU0907,Engineer,Govt College,66.4,Middle,Off Campus,Yes
STU0908,Teacher,International School,65.0,Upper-Middle,On Campus,Yes
STU0909,Teacher,City College,71.9,Low,On Campus,Yes
STU0910,Business,Govt College,63.6,High,Off Campus,No
STU0911,Doctor,Model School,84.5,High,On Campus,Yes
STU0912,Service,Govt College,73.4,Upper-Middle,Off Campus,Yes
STU0913,Teacher,City College,81.3,Upper-Middle,Off Campus,Yes
STU0914,Doctor,Govt College,56.8,High,With Family,Yes
STU0915,Engineer,International School,67.9,Upper-Middle,With Family,Yes
STU0916,Engineer,Govt College,92.7,Lower-Middle,With Family,Yes
STU0917,Business,Govt College,80.1,Upper-Middle,On Campus,No
STU0918,Teacher,Model School,74.0,Lower-Middle,On Campus,No
STU0919,Engineer,Model School,78.9,High,On Campus,Yes
STU0920,Farmer,International School,85.3,Middle,With Family,Yes
STU0921,Business,Model School,59.3,Low,With Family,No
STU0922,Engineer,International School,78.2,High,On Campus,No
STU0923,Service,Model School,88.9,Upper-Middle,Off Campus,No
STU0924,Service,Govt College,65.7,High,On Campus,No
STU0925,Engineer,Model School,79.1,High,Off Campus,No
STU0926,Teacher,International School,83.3,Middle,Off Campus,Yes
STU0927,Doctor,International School,88.1,Middle,On Campus,Yes
STU0928,Service,City College,96.4,Low,Off Campus,No
STU0929,Business,International School,76.8,Low,With Family,Yes
STU0930,Business,City College,63.0,Low,Off Campus,Yes
STU0931,Service,City College,58.3,Upper-Middle,With Family,No
STU0932,Doctor,City College,64.1,High,With Family,No
STU0933,Farmer,International School,70.6,Low,With Family,Yes
STU0934,Teacher,International School,67.9,Low,Off Campus,No
STU0935,Teacher,Govt College,73.0,Lower-Middle,With Family,No
STU0936,Engineer,City College,68.2,Middle,Off Campus,Yes
STU0937,Engineer,International School,76.0,Low,On Campus,No
STU0938,Business,Govt College,82.2,Low,With Family,Yes
STU0939,Engineer,International School,80.5,Lower-Middle,With Family,Yes
STU0940,Engineer,Model School,77.3,Middle,Off Campus,Yes
STU0941,Business,International School,66.2,High,Off Campus,Yes
STU0942,Service,Model School,59.1,High,Off Campus,Yes
STU0943,Engineer,International School,61.5,Middle,On Campus,Yes
STU0944,Farmer,International School,80.4,Low,On Campus,No
STU0945,Farmer,City College,64.5,Lower-Middle,Off Campus,Yes
STU0946,Business,Model School,63.0,Lower-Middle,Off Campus,No
STU0947,Business,City College,85.1,Upper-Middle,With Family,No
STU0948,Farmer,Govt College,60.9,High,Off Campus,No
STU0949,Business,City College,68.1,Middle,With Family,No
STU0950,Teacher,City College,99.1,Lower-Middle,With Family,Yes
STU0951,Teacher,City College,76.4,Upper-Middle,On Campus,No
STU0952,Business,International School,58.5,Lower-Middle,With Family,No
STU0953,Teacher,International School,80.0,High,Off Campus,No
STU0954,Business,Govt College,81.6,High,Off Campus,No
STU0955,Service,Govt College,61.6,Upper-Middle,With Family,No
STU0956,Business,International School,75.7,High,With Family,Yes
STU0957,Farmer,Govt College,81.5,Upper-Middle,Off Campus,No
STU0958,Teacher,City College,61.0,Upper-Middle,With Family,Yes
STU0959,Teacher,City College,78.6,Lower-Middle,With Family,Yes
STU0960,Teacher,Govt College,83.0,Lower-Middle,With Family,Yes
STU0961,Engineer,Govt College,68.2,High,On Campus,No
STU0962,Farmer,International School,49.2,High,On Campus,No
STU0963,Service,International School,71.8,Middle,With Family,No
STU0964,Farmer,International School,66.0,Low,On Campus,Yes
STU0965,Service,City College,77.7,Low,Off Campus,No
STU0966,Engineer,City College,65.9,High,With Family,No
STU0967,Engineer,City College,99.2,Upper-Middle,With Family,Yes
STU0968,Teacher,Model School,65.6,Lower-Middle,On Campus,No
STU0969,Doctor,Govt College,65.3,Low,With Family,No
STU0970,Engineer,International School,61.3,Upper-Middle,With Family,No
STU0971,Service,International School,76.3,Upper-Middle,Off Campus,Yes
STU0972,Engineer,City College,75.4,Low,On Campus,Yes
STU0973,Business,International School,79.5,High,On Campus,Yes
STU0974,Farmer,International School,60.7,Low,On Campus,Yes
STU0975,Engineer,City College,74.3,Middle,With Family,No
STU0976,Business,City College,61.2,Middle,On Campus,Yes
STU0977,Doctor,Model School,79.8,Middle,On Campus,Yes
STU0978,Engineer,International School,64.4,Middle,Off Campus,Yes
STU0979,Farmer,International School,68.1,Upper-Middle,On Campus,No
STU0980,Service,City College,77.0,Upper-Middle,With Family,No
STU0981,Engineer,City College,75.2,Middle,With Family,No
STU0982,Farmer,Model School,66.1,Middle,Off Campus,No
STU0983,Engineer,Model School,69.6,Upper-Middle,With Family,No
STU0984,Doctor,Govt College,65.6,Upper-Middle,With Family,No
STU0985,Engineer,International School,77.5,High,Off Campus,Yes
STU0986,Service,Govt College,65.3,High,Off Campus,Yes
STU0987,Farmer,Model School,75.5,High,Off Campus,No
STU0988,Engineer,Govt College,77.0,Lower-Middle,Off Campus,No
STU0989,Business,International School,71.2,Low,On Campus,No
STU0990,Teacher,International School,66.0,Upper-Middle,On Campus,No
STU0991,Service,Govt College,58.7,High,With Family,Yes
STU0992,Business,City College,82.5,Low,Off Campus,Yes
STU0993,Business,Govt College,64.3,Upper-Middle,With Family,No
STU0994,Doctor,City College,84.7,Upper-Middle,Off Campus,Yes
STU0995,Doctor,Model School,75.1,Upper-Middle,With Family,Yes
STU0996,Farmer,Govt College,86.2,Upper-Middle,On Campus,No
STU0997,Business,City College,74.8,Middle,With Family,Yes
STU0998,Doctor,City College,72.5,Low,Off Campus,Yes
STU0999,Teacher,Govt College,86.3,High,On Campus,No
STU1000,Business,Govt College,79.7,Low,On Campus,No
